date,symbol,alpha_001,alpha_002,alpha_003,alpha_004,alpha_005
20200102,S001,1.0,1.0,-0.5,0.0,1.0
20200102,S002,0.9549569463147377,0.98,-0.495,0.24740395925452294,0.986143231562925
20200102,S003,0.8058872607769481,0.96,-0.49,0.479425538604203,0.9449569463147377
20200102,S004,0.5703023058681398,0.94,-0.485,0.6816387600233341,0.8775825618903728
20200102,S005,0.2752375733029894,0.92,-0.48,0.8414709848078965,0.785887260776948
20200102,S006,-0.045723548014375656,0.9,-0.475,0.9489846193555862,0.6724122440830567
20200102,S007,-0.3561468365471424,0.88,-0.47,0.9974949866040544,0.5403023058681398
20200102,S008,-0.6207581397498765,0.86,-0.46499999999999997,0.9839859468739369,0.39321867977635777
20200103,S001,1.1986693307950613,0.9898132604466151,-0.4,0.24740395925452294,0.986143231562925
20200103,S002,1.153626277109799,0.9698132604466151,-0.395,0.479425538604203,1.0
20200103,S003,1.0045565915720092,0.9498132604466151,-0.39,0.6816387600233341,0.986143231562925
20200103,S004,0.768971636663201,0.9298132604466152,-0.385,0.8414709848078965,0.9449569463147377
20200103,S005,0.47390690409805064,0.9098132604466151,-0.38,0.9489846193555862,0.8775825618903728
20200103,S006,0.15294578278068555,0.8898132604466151,-0.375,0.9974949866040544,0.785887260776948
20200103,S007,-0.1574775057520812,0.8698132604466151,-0.37,0.9839859468739369,0.6724122440830567
20200103,S008,-0.4220888089548152,0.8498132604466151,-0.365,0.9092974268256817,0.5403023058681398
20200106,S001,1.3894183423086506,0.9594605811119173,-0.3,0.479425538604203,0.9449569463147377
20200106,S002,1.3443752886233882,0.9394605811119173,-0.295,0.6816387600233341,0.986143231562925
20200106,S003,1.1953056030855986,0.9194605811119173,-0.29,0.8414709848078965,1.0
20200106,S004,0.9597206481767904,0.8994605811119174,-0.285,0.9489846193555862,0.986143231562925
20200106,S005,0.66465591561164,0.8794605811119174,-0.27999999999999997,0.9974949866040544,0.9449569463147377
20200106,S006,0.34369479429427485,0.8594605811119174,-0.27499999999999997,0.9839859468739369,0.8775825618903728
20200106,S007,0.03327150576150811,0.8394605811119173,-0.27,0.9092974268256817,0.785887260776948
20200106,S008,-0.2313397974412259,0.8194605811119173,-0.265,0.7780731968879212,0.6724122440830567
20200107,S001,1.5646424733950353,0.9095603516741667,-0.2,0.6816387600233341,0.8775825618903728
20200107,S002,1.519599419709773,0.8895603516741667,-0.195,0.8414709848078965,0.9449569463147377
20200107,S003,1.3705297341719835,0.8695603516741667,-0.19,0.9489846193555862,0.986143231562925
20200107,S004,1.134944779263175,0.8495603516741668,-0.185,0.9974949866040544,1.0
20200107,S005,0.8398800466980249,0.8295603516741668,-0.18000000000000002,0.9839859468739369,0.986143231562925
20200107,S006,0.5189189253806598,0.8095603516741667,-0.17500000000000002,0.9092974268256817,0.9449569463147377
20200107,S007,0.20849563684789296,0.7895603516741667,-0.17,0.7780731968879212,0.8775825618903728
20200107,S008,-0.056115666354841054,0.7695603516741667,-0.165,0.5984721441039565,0.785887260776948
20200108,S001,1.7173560908995227,0.8411292134152362,-0.1,0.8414709848078965,0.785887260776948
20200108,S002,1.6723130372142605,0.8211292134152361,-0.095,0.9489846193555862,0.8775825618903728
20200108,S003,1.523243351676471,0.8011292134152361,-0.09000000000000001,0.9974949866040544,0.9449569463147377
20200108,S004,1.2876583967676625,0.7811292134152361,-0.085,0.9839859468739369,0.986143231562925
20200108,S005,0.9925936642025123,0.7611292134152362,-0.08,0.9092974268256817,1.0
20200108,S006,0.6716325428851472,0.7411292134152362,-0.07500000000000001,0.7780731968879212,0.986143231562925
20200108,S007,0.3612092543523804,0.7211292134152362,-0.07,0.5984721441039565,0.9449569463147377
20200108,S008,0.09659795114964637,0.7011292134152362,-0.065,0.38166099205233167,0.8775825618903728
20200109,S001,1.8414709848078965,0.7555613467006966,0.0,0.9489846193555862,0.6724122440830567
20200109,S002,1.7964279311226343,0.7355613467006966,0.005,0.9974949866040544,0.785887260776948
20200109,S003,1.6473582455848446,0.7155613467006966,0.01,0.9839859468739369,0.8775825618903728
20200109,S004,1.4117732906760363,0.6955613467006967,0.015,0.9092974268256817,0.9449569463147377
20200109,S005,1.116708558110886,0.6755613467006967,0.02,0.7780731968879212,0.986143231562925
20200109,S006,0.7957474367935209,0.6555613467006967,0.025,0.5984721441039565,1.0
20200109,S007,0.4853241482607541,0.6355613467006966,0.03,0.38166099205233167,0.986143231562925
20200109,S008,0.22071284505802008,0.6155613467006966,0.035,0.1411200080598672,0.9449569463147377
20200110,S001,1.9320390859672263,0.6546000666752676,0.1,0.9974949866040544,0.5403023058681398
20200110,S002,1.8869960322819639,0.6346000666752676,0.10500000000000001,0.9839859468739369,0.6724122440830567
20200110,S003,1.7379263467441743,0.6146000666752676,0.11,0.9092974268256817,0.785887260776948
20200110,S004,1.502341391835366,0.5946000666752675,0.115,0.7780731968879212,0.8775825618903728
20200110,S005,1.2072766592702158,0.5746000666752676,0.12000000000000001,0.5984721441039565,0.9449569463147377
20200110,S006,0.8863155379528507,0.5546000666752676,0.125,0.38166099205233167,0.986143231562925
20200110,S007,0.575892249420084,0.5346000666752676,0.13,0.1411200080598672,1.0
20200110,S008,0.31128094621734986,0.5146000666752676,0.135,-0.10819513453010837,0.986143231562925
20200113,S001,1.9854497299884601,0.5403023058681398,0.2,0.9839859468739369,0.39321867977635777
20200113,S002,1.940406676303198,0.5203023058681397,0.20500000000000002,0.9092974268256817,0.5403023058681398
20200113,S003,1.7913369907654082,0.5003023058681397,0.21000000000000002,0.7780731968879212,0.6724122440830567
20200113,S004,1.5557520358566,0.48030230586813977,0.21500000000000002,0.5984721441039565,0.785887260776948
20200113,S005,1.2606873032914496,0.46030230586813975,0.22,0.38166099205233167,0.8775825618903728
20200113,S006,0.9397261819740845,0.4403023058681398,0.225,0.1411200080598672,0.9449569463147377
20200113,S007,0.6293028934413178,0.42030230586813977,0.23,-0.10819513453010837,0.986143231562925
20200113,S008,0.3646915902385837,0.40030230586813975,0.23500000000000001,-0.35078322768961984,1.0
20200114,S001,1.999573603041505,0.41499670732106786,0.3,0.9092974268256817,0.23523757330298942
20200114,S002,1.9545305493562428,0.39499670732106784,0.305,0.7780731968879212,0.39321867977635777
20200114,S003,1.8054608638184533,0.3749967073210679,0.31,0.5984721441039565,0.5403023058681398
20200114,S004,1.5698759089096448,0.35499670732106786,0.315,0.38166099205233167,0.6724122440830567
20200114,S005,1.2748111763444945,0.33499670732106784,0.32,0.1411200080598672,0.785887260776948
20200114,S006,0.9538500550271295,0.3149967073210679,0.325,-0.10819513453010837,0.8775825618903728
20200114,S007,0.6434267664943627,0.29499670732106786,0.32999999999999996,-0.35078322768961984,0.9449569463147377
20200114,S008,0.3788154632916287,0.27499670732106785,0.33499999999999996,-0.5715613187423437,0.986143231562925
20200115,S001,1.9738476308781951,0.28123618202801176,0.4,0.7780731968879212,0.0707372016677029
20200115,S002,1.9288045771929327,0.26123618202801174,0.405,0.5984721441039565,0.23523757330298942
20200115,S003,1.7797348916551432,0.24123618202801175,0.41000000000000003,0.38166099205233167,0.39321867977635777
20200115,S004,1.544149936746335,0.22123618202801176,0.41500000000000004,0.1411200080598672,0.5403023058681398
20200115,S005,1.2490852041811846,0.20123618202801175,0.42000000000000004,-0.10819513453010837,0.6724122440830567
20200115,S006,0.9281240828638195,0.18123618202801176,0.42500000000000004,-0.35078322768961984,0.785887260776948
20200115,S007,0.6177007943310528,0.16123618202801177,0.43000000000000005,-0.5715613187423437,0.8775825618903728
20200115,S008,0.3530894911283187,0.14123618202801175,0.43500000000000005,-0.7568024953079282,0.9449569463147377
20200116,S001,1.9092974268256817,0.14174589725634046,0.5,0.5984721441039565,-0.09572354801437566
20200116,S002,1.8642543731404195,0.12174589725634045,0.505,0.38166099205233167,0.0707372016677029
20200116,S003,1.7151846876026298,0.10174589725634045,0.51,0.1411200080598672,0.23523757330298942
20200116,S004,1.4795997326938215,0.08174589725634046,0.515,-0.10819513453010837,0.39321867977635777
20200116,S005,1.1845350001286712,0.06174589725634046,0.52,-0.35078322768961984,0.5403023058681398
20200116,S006,0.8635738788113061,0.04174589725634045,0.525,-0.5715613187423437,0.6724122440830567
20200116,S007,0.5531505902785393,0.021745897256340463,0.53,-0.7568024953079282,0.785887260776948
20200116,S008,0.2885392870758053,0.0017458972563404451,0.535,-0.8949893582285835,0.8775825618903728
20200117,S001,1.80849640381959,-0.000632244591553242,-0.5,0.38166099205233167,-0.25953145961883317
20200117,S002,1.7634533501343277,-0.02063224459155324,-0.495,0.1411200080598672,-0.09572354801437566
20200117,S003,1.6143836645965381,-0.04063224459155324,-0.49,-0.10819513453010837,0.0707372016677029
20200117,S004,1.3787987096877299,-0.06063224459155324,-0.485,-0.35078322768961984,0.23523757330298942
20200117,S005,1.0837339771225796,-0.08063224459155324,-0.48,-0.5715613187423437,0.39321867977635777
20200117,S006,0.7627728558052145,-0.10063224459155325,-0.475,-0.7568024953079282,0.5403023058681398
20200117,S007,0.4523495672724477,-0.12063224459155324,-0.47,-0.8949893582285835,0.6724122440830567
20200117,S008,0.18773826406971367,-0.14063224459155327,-0.46499999999999997,-0.977530117665097,0.785887260776948
20200120,S001,1.675463180551151,-0.14299750541747056,-0.4,0.1411200080598672,-0.4161468365471424
20200120,S002,1.6304201268658887,-0.16299750541747055,-0.395,-0.10819513453010837,-0.25953145961883317
20200120,S003,1.481350441328099,-0.18299750541747056,-0.39,-0.35078322768961984,-0.09572354801437566
20200120,S004,1.2457654864192909,-0.20299750541747055,-0.385,-0.5715613187423437,0.0707372016677029
20200120,S005,0.9507007538541404,-0.22299750541747054,-0.38,-0.7568024953079282,0.23523757330298942
20200120,S006,0.6297396325367753,-0.24299750541747056,-0.375,-0.8949893582285835,0.39321867977635777
20200120,S007,0.31931634400400855,-0.2629975054174706,-0.37,-0.977530117665097,0.5403023058681398
20200120,S008,0.05470504080127453,-0.2829975054174706,-0.365,-0.999292788975378,0.6724122440830567
20200121,S001,1.5155013718214643,-0.2824494095544451,-0.3,-0.10819513453010837,-0.5612293127757414
20200121,S002,1.4704583181362019,-0.3024494095544451,-0.295,-0.35078322768961984,-0.4161468365471424
20200121,S003,1.321388632598412,-0.32244940955444507,-0.29,-0.5715613187423437,-0.25953145961883317
20200121,S004,1.085803677689604,-0.3424494095544451,-0.285,-0.7568024953079282,-0.09572354801437566
20200121,S005,0.7907389451244536,-0.3624494095544451,-0.27999999999999997,-0.8949893582285835,0.0707372016677029
20200121,S006,0.4697778238070885,-0.38244940955444506,-0.27499999999999997,-0.977530117665097,0.23523757330298942
20200121,S007,0.15935453527432175,-0.4024494095544451,-0.27,-0.999292788975378,0.39321867977635777
20200121,S008,-0.10525676792841226,-0.4224494095544451,-0.265,-0.9589242746631385,0.5403023058681398
20200122,S001,1.334988150155905,-0.4161468365471424,-0.2,-0.35078322768961984,-0.6907581397498764
20200122,S002,1.2899450964706427,-0.4361468365471424,-0.195,-0.5715613187423437,-0.5612293127757414
20200122,S003,1.1408754109328532,-0.4561468365471424,-0.19,-0.7568024953079282,-0.4161468365471424
20200122,S004,0.9052904560240449,-0.4761468365471424,-0.185,-0.8949893582285835,-0.25953145961883317
20200122,S005,0.6102257234588946,-0.4961468365471424,-0.18000000000000002,-0.977530117665097,-0.09572354801437566
20200122,S006,0.28926460214152944,-0.5161468365471424,-0.17500000000000002,-0.999292788975378,0.0707372016677029
20200122,S007,-0.021158686391237302,-0.5361468365471425,-0.17,-0.9589242746631385,0.23523757330298942
20200122,S008,-0.2857699895939713,-0.5561468365471425,-0.165,-0.858934493426592,0.39321867977635777
20200123,S001,1.1411200080598671,-0.5413659046600982,-0.1,-0.5715613187423437,-0.8011436155469337
20200123,S002,1.096076954374605,-0.5613659046600982,-0.095,-0.7568024953079282,-0.6907581397498764
20200123,S003,0.9470072688368153,-0.5813659046600982,-0.09000000000000001,-0.8949893582285835,-0.5612293127757414
20200123,S004,0.711422313928007,-0.6013659046600981,-0.085,-0.977530117665097,-0.4161468365471424
20200123,S005,0.4163575813628566,-0.6213659046600981,-0.08,-0.999292788975378,-0.25953145961883317
20200123,S006,0.09539646004549156,-0.6413659046600981,-0.07500000000000001,-0.9589242746631385,-0.09572354801437566
20200123,S007,-0.21502682848727522,-0.6613659046600981,-0.07,-0.858934493426592,0.0707372016677029
20200123,S008,-0.4796381316900092,-0.6813659046600982,-0.065,-0.7055403255703919,0.23523757330298942
20200124,S001,0.9416258565724199,-0.6555554658253439,0.0,-0.7568024953079282,-0.8893265682130413
20200124,S002,0.8965828028871576,-0.6755554658253439,0.005,-0.8949893582285835,-0.8011436155469337
20200124,S003,0.747513117349368,-0.6955554658253439,0.01,-0.977530117665097,-0.6907581397498764
20200124,S004,0.5119281624405597,-0.7155554658253438,0.015,-0.999292788975378,-0.5612293127757414
20200124,S005,0.21686342987540932,-0.7355554658253438,0.02,-0.9589242746631385,-0.4161468365471424
20200124,S006,-0.10409769144195573,-0.7555554658253438,0.025,-0.858934493426592,-0.25953145961883317
20200124,S007,-0.4145209799747225,-0.7755554658253438,0.03,-0.7055403255703919,-0.09572354801437566
20200124,S008,-0.6791322831774564,-0.7955554658253439,0.035,-0.5082790774992584,0.0707372016677029
20200127,S001,0.7444588979731688,-0.7563890814042682,0.1,-0.8949893582285835,-0.9528631362378159
20200127,S002,0.6994158442879065,-0.7763890814042682,0.10500000000000001,-0.977530117665097,-0.8893265682130413
20200127,S003,0.5503461587501168,-0.7963890814042682,0.11,-0.999292788975378,-0.8011436155469337
20200127,S004,0.31476120384130857,-0.8163890814042682,0.115,-0.9589242746631385,-0.6907581397498764
20200127,S005,0.019696471276158194,-0.8363890814042682,0.12000000000000001,-0.858934493426592,-0.5612293127757414
20200127,S006,-0.3012646500412069,-0.8563890814042682,0.125,-0.7055403255703919,-0.4161468365471424
20200127,S007,-0.6116879385739735,-0.8763890814042682,0.13,-0.5082790774992584,-0.25953145961883317
20200127,S008,-0.8762992417767077,-0.8963890814042682,0.135,-0.27941549819892586,-0.09572354801437566
20200128,S001,0.5574795567051476,-0.841812419836614,0.2,-0.977530117665097,-0.9899924966004454
20200128,S002,0.5124365030198852,-0.861812419836614,0.20500000000000002,-0.999292788975378,-0.9528631362378159
20200128,S003,0.3633668174820956,-0.8818124198366141,0.21000000000000002,-0.9589242746631385,-0.8893265682130413
20200128,S004,0.1277818625732873,-0.901812419836614,0.21500000000000002,-0.858934493426592,-0.8011436155469337
20200128,S005,-0.16728286999186304,-0.921812419836614,0.22,-0.7055403255703919,-0.6907581397498764
20200128,S006,-0.4882439913092281,-0.941812419836614,0.225,-0.5082790774992584,-0.5612293127757414
20200128,S007,-0.7986672798419949,-0.961812419836614,0.23,-0.27941549819892586,-0.4161468365471424
20200128,S008,-1.0632785830447289,-0.981812419836614,0.23500000000000001,-0.03317921654755682,-0.25953145961883317
20200129,S001,0.3881421090572811,-0.910085110521599,0.3,-0.999292788975378,-0.9996856634034069
20200129,S002,0.3430990553720188,-0.930085110521599,0.305,-0.9589242746631385,-0.9899924966004454
20200129,S003,0.1940293698342291,-0.950085110521599,0.31,-0.858934493426592,-0.9528631362378159
20200129,S004,-0.041555585074579154,-0.9700851105215991,0.315,-0.7055403255703919,-0.8893265682130413
20200129,S005,-0.3366203176397295,-0.990085110521599,0.32,-0.5082790774992584,-0.8011436155469337
20200129,S006,-0.6575814389570945,-1.010085110521599,0.325,-0.27941549819892586,-0.6907581397498764
20200129,S007,-0.9680047274898613,-1.0300851105215991,0.32999999999999996,-0.03317921654755682,-0.5612293127757414
20200129,S008,-1.2326160306925953,-1.0500851105215991,0.33499999999999996,0.21511998808781552,-0.4161468365471424
20200130,S001,0.2431975046920718,-0.95981620122199,0.4,-0.9589242746631385,-0.981674004711079
20200130,S002,0.1981544510068095,-0.97981620122199,0.405,-0.858934493426592,-0.9996856634034069
20200130,S003,0.04908476546901984,-0.99981620122199,0.41000000000000003,-0.7055403255703919,-0.9899924966004454
20200130,S004,-0.18650018943978844,-1.01981620122199,0.41500000000000004,-0.5082790774992584,-0.9528631362378159
20200130,S005,-0.4815649220049388,-1.03981620122199,0.42000000000000004,-0.27941549819892586,-0.8893265682130413
20200130,S006,-0.8025260433223038,-1.05981620122199,0.42500000000000004,-0.03317921654755682,-0.8011436155469337
20200130,S007,-1.1129493318550705,-1.0798162012219898,0.43000000000000005,0.21511998808781552,-0.6907581397498764
20200130,S008,-1.3775606350578047,-1.0998162012219899,0.43500000000000005,0.4500440737806176,-0.5612293127757414
20200131,S001,0.1284242275864118,-0.9899924966004454,0.5,-0.858934493426592,-0.9364566872907963
20200131,S002,0.0833811739011495,-1.0099924966004454,0.505,-0.7055403255703919,-0.981674004711079
20200131,S003,-0.06568851163664015,-1.0299924966004455,0.51,-0.5082790774992584,-0.9996856634034069
20200131,S004,-0.3012734665454484,-1.0499924966004455,0.515,-0.27941549819892586,-0.9899924966004454
20200131,S005,-0.5963381991105987,-1.0699924966004455,0.52,-0.03317921654755682,-0.9528631362378159
20200131,S006,-0.9172993204279638,-1.0899924966004455,0.525,0.21511998808781552,-0.8893265682130413
20200131,S007,-1.2277226089607305,-1.1099924966004453,0.53,0.4500440737806176,-0.8011436155469337
20200131,S008,-1.4923339121634644,-1.1299924966004453,0.535,0.6569865987187891,-0.6907581397498764
20200203,S001,0.04839792611048399,-0.999999200533553,-0.5,-0.7055403255703919,-0.8652868429362359
20200203,S002,0.0033548724252216913,-1.019999200533553,-0.495,-0.5082790774992584,-0.9364566872907963
20200203,S003,-0.14571481311256798,-1.039999200533553,-0.49,-0.27941549819892586,-0.981674004711079
20200203,S004,-0.3812997680213762,-1.059999200533553,-0.485,-0.03317921654755682,-0.9996856634034069
20200203,S005,-0.6763645005865265,-1.079999200533553,-0.48,0.21511998808781552,-0.9899924966004454
20200203,S006,-0.9973256219038917,-1.099999200533553,-0.475,0.4500440737806176,-0.9528631362378159
20200203,S007,-1.3077489104366584,-1.1199992005335528,-0.47,0.6569865987187891,-0.8893265682130413
20200203,S008,-1.5723602136393924,-1.1399992005335529,-0.46499999999999997,0.8230808790115055,-0.8011436155469337
20200204,S001,0.006308996366535591,-0.9896324416478035,-0.4,-0.5082790774992584,-0.7701368397532452
20200204,S002,-0.03873405731872671,-1.0096324416478035,-0.395,-0.27941549819892586,-0.8652868429362359
20200204,S003,-0.18780374285651638,-1.0296324416478035,-0.39,-0.03317921654755682,-0.9364566872907963
20200204,S004,-0.4233886977653246,-1.0496324416478036,-0.385,0.21511998808781552,-0.981674004711079
20200204,S005,-0.7184534303304749,-1.0696324416478036,-0.38,0.4500440737806176,-0.9996856634034069
20200204,S006,-1.03941455164784,-1.0896324416478036,-0.375,0.6569865987187891,-0.9899924966004454
20200204,S007,-1.3498378401806068,-1.1096324416478036,-0.37,0.8230808790115055,-0.9528631362378159
20200204,S008,-1.6144491433833408,-1.1296324416478036,-0.365,0.9379999767747389,-0.8893265682130413
20200205,S001,0.0038353911641593186,-0.9591034268887609,-0.3,-0.27941549819892586,-0.6536436208636119
20200205,S002,-0.04120766252110298,-0.979103426888761,-0.295,-0.03317921654755682,-0.7701368397532452
20200205,S003,-0.19027734805889265,-0.999103426888761,-0.29,0.21511998808781552,-0.8652868429362359
20200205,S004,-0.4258623029677009,-1.0191034268887609,-0.285,0.4500440737806176,-0.9364566872907963
20200205,S005,-0.7209270355328512,-1.039103426888761,-0.27999999999999997,0.6569865987187891,-0.981674004711079
20200205,S006,-1.0418881568502163,-1.059103426888761,-0.27499999999999997,0.8230808790115055,-0.9996856634034069
20200205,S007,-1.352311445382983,-1.079103426888761,-0.27,0.9379999767747389,-0.9899924966004454
20200205,S008,-1.616922748585717,-1.099103426888761,-0.265,0.9945987791111761,-0.9528631362378159
20200206,S001,0.041075725336861546,-0.9090341385007688,-0.2,-0.03317921654755682,-0.5190356253846217
20200206,S002,-0.0039673283484007536,-0.9290341385007688,-0.195,0.21511998808781552,-0.6536436208636119
20200206,S003,-0.15303701388619043,-0.9490341385007688,-0.19,0.4500440737806176,-0.7701368397532452
20200206,S004,-0.38862196879499866,-0.9690341385007688,-0.185,0.6569865987187891,-0.8652868429362359
20200206,S005,-0.683686701360149,-0.9890341385007687,-0.18000000000000002,0.8230808790115055,-0.9364566872907963
20200206,S006,-1.0046478226775142,-1.0090341385007688,-0.17500000000000002,0.9379999767747389,-0.981674004711079
20200206,S007,-1.3150711112102809,-1.0290341385007689,-0.17,0.9945987791111761,-0.9996856634034069
20200206,S008,-1.5796824144130148,-1.0490341385007689,-0.165,0.9893582466233818,-0.9899924966004454
20200207,S001,0.11654534427984686,-0.8404446620846907,-0.1,0.21511998808781552,-0.3700433169625381
20200207,S002,0.07150229059458456,-0.8604446620846907,-0.095,0.4500440737806176,-0.5190356253846217
20200207,S003,-0.0775673949432051,-0.8804446620846907,-0.09000000000000001,0.6569865987187891,-0.6536436208636119
20200207,S004,-0.31315234985201335,-0.9004446620846907,-0.085,0.8230808790115055,-0.7701368397532452
20200207,S005,-0.6082170824171637,-0.9204446620846907,-0.08,0.9379999767747389,-0.8652868429362359
20200207,S006,-0.9291782037345288,-0.9404446620846907,-0.07500000000000001,0.9945987791111761,-0.9364566872907963
20200207,S007,-1.2396014922672955,-0.9604446620846907,-0.07,0.9893582466233818,-0.981674004711079
20200207,S008,-1.5042127954700295,-0.9804446620846907,-0.065,0.9226042102393402,-0.9996856634034069
20200210,S001,0.22723551244401285,-0.754732403905234,0.0,0.4500440737806176,-0.2107957994307797
20200210,S002,0.18219245875875056,-0.774732403905234,0.005,0.6569865987187891,-0.3700433169625381
20200210,S003,0.0331227732209609,-0.794732403905234,0.01,0.8230808790115055,-0.5190356253846217
20200210,S004,-0.20246218168784738,-0.8147324039052339,0.015,0.9379999767747389,-0.6536436208636119
20200210,S005,-0.4975269142529977,-0.834732403905234,0.02,0.9945987791111761,-0.7701368397532452
20200210,S006,-0.8184880355703628,-0.854732403905234,0.025,0.9893582466233818,-0.8652868429362359
20200210,S007,-1.1289113241031294,-0.874732403905234,0.03,0.9226042102393402,-0.9364566872907963
20200210,S008,-1.3935226273058634,-0.894732403905234,0.035,0.7984871126234903,-0.981674004711079
20200211,S001,0.3687333621276784,-0.6536436208636119,0.1,0.6569865987187891,-0.04570638473858045
20200211,S002,0.3236903084424161,-0.673643620863612,0.10500000000000001,0.8230808790115055,-0.2107957994307797
20200211,S003,0.1746206229046264,-0.693643620863612,0.11,0.9379999767747389,-0.3700433169625381
20200211,S004,-0.06096433200418186,-0.7136436208636119,0.115,0.9945987791111761,-0.5190356253846217
20200211,S005,-0.3560290645693322,-0.7336436208636119,0.12000000000000001,0.9893582466233818,-0.6536436208636119
20200211,S006,-0.6769901858866972,-0.7536436208636119,0.125,0.9226042102393402,-0.7701368397532452
20200211,S007,-0.987413474419464,-0.7736436208636119,0.13,0.7984871126234903,-0.8652868429362359
20200211,S008,-1.252024777622198,-0.793643620863612,0.135,0.6247239537541924,-0.9364566872907963
20200212,S001,0.5353978205862426,-0.5392378431690512,0.2,0.8230808790115055,0.12064971553245465
20200212,S002,0.49035476690098034,-0.5592378431690512,0.20500000000000002,0.9379999767747389,-0.04570638473858045
20200212,S003,0.3412850813631907,-0.5792378431690512,0.21000000000000002,0.9945987791111761,-0.2107957994307797
20200212,S004,0.1057001264543824,-0.5992378431690513,0.21500000000000002,0.9893582466233818,-0.3700433169625381
20200212,S005,-0.18936460611076794,-0.6192378431690512,0.22,0.9226042102393402,-0.5190356253846217
20200212,S006,-0.510325727428133,-0.6392378431690512,0.225,0.7984871126234903,-0.6536436208636119
20200212,S007,-0.8207490159608997,-0.6592378431690512,0.23,0.6247239537541924,-0.7701368397532452
20200212,S008,-1.0853603191636336,-0.6792378431690512,0.23500000000000001,0.4121184852417566,-0.8652868429362359
20200213,S001,0.7205845018010741,-0.41384591454310704,0.3,0.9379999767747389,0.28366218546322625
20200213,S002,0.6755414481158118,-0.43384591454310706,0.305,0.9945987791111761,0.12064971553245465
20200213,S003,0.5264717625780222,-0.453845914543107,0.31,0.9893582466233818,-0.04570638473858045
20200213,S004,0.29088680766921393,-0.47384591454310704,0.315,0.9226042102393402,-0.2107957994307797
20200213,S005,-0.004177924895936443,-0.49384591454310706,0.32,0.7984871126234903,-0.3700433169625381
20200213,S006,-0.32513904621330153,-0.513845914543107,0.325,0.6247239537541924,-0.5190356253846217
20200213,S007,-0.6355623347460682,-0.533845914543107,0.32999999999999996,0.4121184852417566,-0.6536436208636119
20200213,S008,-0.9001736379488023,-0.553845914543107,0.33499999999999996,0.17388948538043356,-0.7701368397532452
20200214,S001,0.9169105971825036,-0.280022504823796,0.4,0.9945987791111761,0.4388133729573608
20200214,S002,0.8718675434972413,-0.300022504823796,0.405,0.9893582466233818,0.28366218546322625
20200214,S003,0.7227978579594516,-0.32002250482379596,0.41000000000000003,0.9226042102393402,0.12064971553245465
20200214,S004,0.48721290305064335,-0.340022504823796,0.41500000000000004,0.7984871126234903,-0.04570638473858045
20200214,S005,0.19214817048549301,-0.360022504823796,0.42000000000000004,0.6247239537541924,-0.2107957994307797
20200214,S006,-0.12881295083187205,-0.38002250482379596,0.42500000000000004,0.4121184852417566,-0.3700433169625381
20200214,S007,-0.4392362393646388,-0.400022504823796,0.43000000000000005,0.17388948538043356,-0.5190356253846217
20200214,S008,-0.7038475425673729,-0.420022504823796,0.43500000000000005,-0.0751511204618093,-0.6536436208636119
20200217,S001,1.1165492048504937,-0.14049406245303284,0.5,0.9893582466233818,0.5818034898591706
20200217,S002,1.0715061511652313,-0.16049406245303283,0.505,0.9226042102393402,0.4388133729573608
20200217,S003,0.9224364656274417,-0.18049406245303284,0.51,0.7984871126234903,0.28366218546322625
20200217,S004,0.6868515107186335,-0.20049406245303283,0.515,0.6247239537541924,0.12064971553245465
20200217,S005,0.391786778153483,-0.22049406245303282,0.52,0.4121184852417566,-0.04570638473858045
20200217,S006,0.07082565683611798,-0.24049406245303284,0.525,0.17388948538043356,-0.2107957994307797
20200217,S007,-0.23959763169664877,-0.26049406245303286,0.53,-0.0751511204618093,-0.3700433169625381
20200217,S008,-0.5042089348993828,-0.2804940624530329,0.535,-0.31951919362227366,-0.5190356253846217
20200218,S001,1.311541363513378,0.0018967327637432732,-0.5,0.9226042102393402,0.70866977429126
20200218,S002,1.2664983098281155,-0.01810326723625673,-0.495,0.7984871126234903,0.5818034898591706
20200218,S003,1.117428624290326,-0.038103267236256726,-0.49,0.6247239537541924,0.4388133729573608
20200218,S004,0.8818436693815177,-0.05810326723625672,-0.485,0.4121184852417566,0.28366218546322625
20200218,S005,0.5867789368163673,-0.07810326723625673,-0.48,0.17388948538043356,0.12064971553245465
20200218,S006,0.2658178154990022,-0.09810326723625673,-0.475,-0.0751511204618093,-0.04570638473858045
20200218,S007,-0.04460547303376455,-0.11810326723625672,-0.47,-0.31951919362227366,-0.2107957994307797
20200218,S008,-0.30921677623649857,-0.13810326723625674,-0.46499999999999997,-0.5440211108893698,-0.3700433169625381
20200219,S001,1.4941133511386082,0.14424888493518526,-0.4,0.7984871126234903,0.815896312801933
20200219,S002,1.4490702974533458,0.12424888493518525,-0.395,0.6247239537541924,0.70866977429126
20200219,S003,1.3000006119155563,0.10424888493518525,-0.39,0.4121184852417566,0.5818034898591706
20200219,S004,1.064415657006748,0.08424888493518526,-0.385,0.17388948538043356,0.4388133729573608
20200219,S005,0.7693509244415976,0.06424888493518525,-0.38,-0.0751511204618093,0.28366218546322625
20200219,S006,0.4483898031242325,0.04424888493518525,-0.375,-0.31951919362227366,0.12064971553245465
20200219,S007,0.13796651459146575,0.02424888493518526,-0.37,-0.5440211108893698,-0.04570638473858045
20200219,S008,-0.12664478861126827,0.004248884935185243,-0.365,-0.7346984304047954,-0.2107957994307797
20200220,S001,1.656986598718789,0.28366218546322625,-0.3,0.6247239537541924,0.9005114787622862
20200220,S002,1.6119435450335267,0.26366218546322623,-0.295,0.4121184852417566,0.815896312801933
20200220,S003,1.4628738594957371,0.24366218546322624,-0.29,0.17388948538043356,0.70866977429126
20200220,S004,1.2272889045869289,0.22366218546322625,-0.285,-0.0751511204618093,0.5818034898591706
20200220,S005,0.9322241720217785,0.20366218546322623,-0.27999999999999997,-0.31951919362227366,0.4388133729573608
20200220,S006,0.6112630507044134,0.18366218546322624,-0.27499999999999997,-0.5440211108893698,0.28366218546322625
20200220,S007,0.30083976217164665,0.16366218546322625,-0.27,-0.7346984304047954,0.12064971553245465
20200220,S008,0.036228458968912636,0.14366218546322623,-0.265,-0.87969575997167,-0.04570638473858045
20200221,S001,1.7936678638491532,0.41729630038235155,-0.2,0.4121184852417566,0.960170286650366
20200221,S002,1.7486248101638908,0.39729630038235153,-0.195,0.17388948538043356,0.9005114787622862
20200221,S003,1.599555124626101,0.37729630038235157,-0.19,-0.0751511204618093,0.815896312801933
20200221,S004,1.363970169717293,0.35729630038235155,-0.185,-0.31951919362227366,0.70866977429126
20200221,S005,1.0689054371521425,0.33729630038235153,-0.18000000000000002,-0.5440211108893698,0.5818034898591706
20200221,S006,0.7479443158347775,0.31729630038235157,-0.17500000000000002,-0.7346984304047954,0.4388133729573608
20200221,S007,0.4375210273020107,0.29729630038235155,-0.17,-0.87969575997167,0.28366218546322625
20200221,S008,0.17290972409927668,0.27729630038235153,-0.165,-0.9699978679206785,0.12064971553245465
20200224,S001,1.898708095811627,0.5424286378443038,-0.1,0.17388948538043356,0.9932193798938977
20200224,S002,1.8536650421263647,0.5224286378443038,-0.095,-0.0751511204618093,0.960170286650366
20200224,S003,1.704595356588575,0.5024286378443038,-0.09000000000000001,-0.31951919362227366,0.9005114787622862
20200224,S004,1.4690104016797667,0.48242863784430384,-0.085,-0.5440211108893698,0.815896312801933
20200224,S005,1.1739456691146164,0.4624286378443038,-0.08,-0.7346984304047954,0.70866977429126
20200224,S006,0.8529845477972513,0.44242863784430386,-0.07500000000000001,-0.87969575997167,0.5818034898591706
20200224,S007,0.5425612592644845,0.42242863784430384,-0.07,-0.9699978679206785,0.4388133729573608
20200224,S008,0.2779499560617505,0.4024286378443038,-0.065,-0.9999902065507035,0.28366218546322625
20200225,S001,1.9679196720314862,0.6565098167862223,0.0,-0.0751511204618093,0.9987428512286196
20200225,S002,1.922876618346224,0.6365098167862223,0.005,-0.31951919362227366,0.9932193798938977
20200225,S003,1.7738069328084345,0.6165098167862223,0.01,-0.5440211108893698,0.960170286650366
20200225,S004,1.538221977899626,0.5965098167862224,0.015,-0.7346984304047954,0.9005114787622862
20200225,S005,1.2431572453344757,0.5765098167862224,0.02,-0.87969575997167,0.815896312801933
20200225,S006,0.9221961240171107,0.5565098167862224,0.025,-0.9699978679206785,0.70866977429126
20200225,S007,0.6117728354843439,0.5365098167862223,0.03,-0.9999902065507035,0.5818034898591706
20200225,S008,0.3471615322816099,0.5165098167862223,0.035,-0.9678079975112615,0.4388133729573608
20200226,S001,1.998543345374605,0.7572156066924568,0.1,-0.31951919362227366,0.9765876257280235
20200226,S002,1.9535002916893427,0.7372156066924568,0.10500000000000001,-0.5440211108893698,0.9987428512286196
20200226,S003,1.804430606151553,0.7172156066924568,0.11,-0.7346984304047954,0.9932193798938977
20200226,S004,1.5688456512427449,0.6972156066924569,0.115,-0.87969575997167,0.960170286650366
20200226,S005,1.2737809186775944,0.6772156066924568,0.12000000000000001,-0.9699978679206785,0.9005114787622862
20200226,S006,0.9528197973602294,0.6572156066924568,0.125,-0.9999902065507035,0.815896312801933
20200226,S007,0.6423965088274626,0.6372156066924568,0.13,-0.9678079975112615,0.70866977429126
20200226,S008,0.37778520562472856,0.6172156066924568,0.135,-0.8754521746884285,0.5818034898591706
20200227,S001,1.989358246623382,0.842494280256423,0.2,-0.5440211108893698,0.9273677030509753
20200227,S002,1.9443151929381195,0.822494280256423,0.20500000000000002,-0.7346984304047954,0.9765876257280235
20200227,S003,1.7952455074003297,0.802494280256423,0.21000000000000002,-0.87969575997167,0.9987428512286196
20200227,S004,1.5596605524915217,0.782494280256423,0.21500000000000002,-0.9699978679206785,0.9932193798938977
20200227,S005,1.2645958199263712,0.7624942802564231,0.22,-0.9999902065507035,0.960170286650366
20200227,S006,0.9436346986090062,0.7424942802564231,0.225,-0.9678079975112615,0.9005114787622862
20200227,S007,0.6332114100762394,0.722494280256423,0.23,-0.8754521746884285,0.815896312801933
20200227,S008,0.36860010687350536,0.702494280256423,0.23500000000000001,-0.72866497582717,0.70866977429126
20200228,S001,1.9407305566797732,0.9106084142040114,0.3,-0.7346984304047954,0.8524471413395285
20200228,S002,1.8956875029945108,0.8906084142040114,0.305,-0.87969575997167,0.9273677030509753
20200228,S003,1.746617817456721,0.8706084142040114,0.31,-0.9699978679206785,0.9765876257280235
20200228,S004,1.511032862547913,0.8506084142040113,0.315,-0.9999902065507035,0.9987428512286196
20200228,S005,1.2159681299827625,0.8306084142040114,0.32,-0.9678079975112615,0.9932193798938977
20200228,S006,0.8950070086653975,0.8106084142040114,0.325,-0.8754521746884285,0.960170286650366
20200228,S007,0.5845837201326307,0.7906084142040114,0.32999999999999996,-0.72866497582717,0.9005114787622862
20200228,S008,0.3199724169298967,0.7706084142040114,0.33499999999999996,-0.5365729180004349,0.815896312801933
20200302,S001,1.8545989080882803,0.960170286650366,0.4,-0.87969575997167,0.7539022543433046
20200302,S002,1.8095558544030181,0.940170286650366,0.405,-0.9699978679206785,0.8524471413395285
20200302,S003,1.6604861688652286,0.9201702866503659,0.41000000000000003,-0.9999902065507035,0.9273677030509753
20200302,S004,1.42490121395642,0.900170286650366,0.41500000000000004,-0.9678079975112615,0.9765876257280235
20200302,S005,1.1298364813912698,0.880170286650366,0.42000000000000004,-0.8754521746884285,0.9987428512286196
20200302,S006,0.8088753600739048,0.860170286650366,0.42500000000000004,-0.72866497582717,0.9932193798938977
20200302,S007,0.498452071541138,0.840170286650366,0.43000000000000005,-0.5365729180004349,0.960170286650366
20200302,S008,0.233840768338404,0.820170286650366,0.43500000000000005,-0.3111193549811273,0.9005114787622862
20200303,S001,1.7343970978741132,0.990170149822708,0.5,-0.9699978679206785,0.6344640694218329
20200303,S002,1.689354044188851,0.970170149822708,0.505,-0.9999902065507035,0.7539022543433046
20200303,S003,1.5402843586510615,0.950170149822708,0.51,-0.9678079975112615,0.8524471413395285
20200303,S004,1.304699403742253,0.930170149822708,0.515,-0.8754521746884285,0.9273677030509753
20200303,S005,1.0096346711771027,0.910170149822708,0.52,-0.72866497582717,0.9765876257280235
20200303,S006,0.6886735498597377,0.890170149822708,0.525,-0.5365729180004349,0.9987428512286196
20200303,S007,0.3782502613269709,0.870170149822708,0.53,-0.3111193549811273,0.9932193798938977
20200303,S008,0.11363895812423691,0.850170149822708,0.535,-0.06632189735120068,0.960170286650366
20200304,S001,1.5849171928917616,0.9999968021354899,-0.5,-0.9999902065507035,0.49744264111711656
20200304,S002,1.5398741392064994,0.9799968021354899,-0.495,-0.9678079975112615,0.6344640694218329
20200304,S003,1.3908044536687099,0.9599968021354899,-0.49,-0.8754521746884285,0.7539022543433046
20200304,S004,1.1552194987599014,0.9399968021354899,-0.485,-0.72866497582717,0.8524471413395285
20200304,S005,0.8601547661947512,0.91999680213549,-0.48,-0.5365729180004349,0.9273677030509753
20200304,S006,0.5391936448773861,0.8999968021354899,-0.475,-0.3111193549811273,0.9765876257280235
20200304,S007,0.22877035634461929,0.8799968021354899,-0.47,-0.06632189735120068,0.9987428512286196
20200304,S008,-0.03584094685811473,0.8599968021354899,-0.46499999999999997,0.182599134631134,0.9932193798938977
20200305,S001,1.4121184852417565,0.9894500404931277,-0.4,-0.9678079975112615,0.3466353178350258
20200305,S002,1.3670754315564944,0.9694500404931277,-0.395,-0.8754521746884285,0.49744264111711656
20200305,S003,1.2180057460187046,0.9494500404931276,-0.39,-0.72866497582717,0.6344640694218329
20200305,S004,0.9824207911098963,0.9294500404931276,-0.385,-0.5365729180004349,0.7539022543433046
20200305,S005,0.687356058544746,0.9094500404931277,-0.38,-0.3111193549811273,0.8524471413395285
20200305,S006,0.3663949372273809,0.8894500404931277,-0.375,-0.06632189735120068,0.9273677030509753
20200305,S007,0.055971648694614184,0.8694500404931277,-0.37,0.182599134631134,0.9765876257280235
20200305,S008,-0.20863965450811983,0.8494500404931277,-0.365,0.4201670368266409,0.9987428512286196
20200306,S001,1.2228899141002476,0.9587447391235864,-0.3,-0.8754521746884285,0.1862215038902314
20200306,S002,1.1778468604149854,0.9387447391235864,-0.295,-0.72866497582717,0.3466353178350258
20200306,S003,1.0287771748771957,0.9187447391235863,-0.29,-0.5365729180004349,0.49744264111711656
20200306,S004,0.7931922199683874,0.8987447391235863,-0.285,-0.3111193549811273,0.6344640694218329
20200306,S005,0.49812748740323703,0.8787447391235864,-0.27999999999999997,-0.06632189735120068,0.7539022543433046
20200306,S006,0.177166366085872,0.8587447391235864,-0.27499999999999997,0.182599134631134,0.8524471413395285
20200306,S007,-0.13325692244689477,0.8387447391235864,-0.27,0.4201670368266409,0.9273677030509753
20200306,S008,-0.3978682256496288,0.8187447391235864,-0.265,0.6316109877182386,0.9765876257280235
20200309,S001,1.0247754254533579,0.9085064718427849,-0.2,-0.72866497582717,0.020646833430616282
20200309,S002,0.9797323717680955,0.8885064718427849,-0.195,-0.5365729180004349,0.1862215038902314
20200309,S003,0.8306626862303058,0.8685064718427848,-0.19,-0.3111193549811273,0.3466353178350258
20200309,S004,0.5950777313214975,0.8485064718427848,-0.185,-0.06632189735120068,0.49744264111711656
20200309,S005,0.3000129987563472,0.8285064718427849,-0.18000000000000002,0.182599134631134,0.6344640694218329
20200309,S006,-0.0209481225610179,0.8085064718427849,-0.17500000000000002,0.4201670368266409,0.7539022543433046
20200309,S007,-0.33137141109378465,0.7885064718427849,-0.17,0.6316109877182386,0.8524471413395285
20200309,S008,-0.5959827142965186,0.7685064718427849,-0.165,0.803784426551621,0.9273677030509753
20200310,S001,0.8256732187770204,0.8397587669395297,-0.1,-0.5365729180004349,-0.14550003380861354
20200310,S002,0.7806301650917581,0.8197587669395296,-0.095,-0.3111193549811273,0.020646833430616282
20200310,S003,0.6315604795539684,0.7997587669395296,-0.09000000000000001,-0.06632189735120068,0.1862215038902314
20200310,S004,0.39597552464516017,0.7797587669395296,-0.085,0.182599134631134,0.3466353178350258
20200310,S005,0.10091079208000978,0.7597587669395297,-0.08,0.4201670368266409,0.49744264111711656
20200310,S006,-0.2200503292373553,0.7397587669395297,-0.07500000000000001,0.6316109877182386,0.6344640694218329
20200310,S007,-0.5304736177701221,0.7197587669395297,-0.07,0.803784426551621,0.7539022543433046
20200310,S008,-0.7950849209728561,0.6997587669395297,-0.065,0.9259824428086272,0.8524471413395285
20200311,S001,0.6335208707480716,0.7539022543433046,0.0,-0.3111193549811273,-0.3076145804956974
20200311,S002,0.5884778170628093,0.7339022543433046,0.005,-0.06632189735120068,-0.14550003380861354
20200311,S003,0.4394081315250197,0.7139022543433046,0.01,0.182599134631134,0.020646833430616282
20200311,S004,0.20382317661621138,0.6939022543433047,0.015,0.4201670368266409,0.1862215038902314
20200311,S005,-0.09124155594893896,0.6739022543433046,0.02,0.6316109877182386,0.3466353178350258
20200311,S006,-0.41220267726630405,0.6539022543433046,0.025,0.803784426551621,0.49744264111711656
20200311,S007,-0.7226259657990708,0.6339022543433046,0.03,0.9259824428086272,0.6344640694218329
20200311,S008,-0.9872372690018048,0.6139022543433046,0.035,0.9906073556948704,0.7539022543433046
20200312,S001,0.4559788891106302,0.6526861299196696,0.1,-0.06632189735120068,-0.46120403916318925
20200312,S002,0.41093583542536793,0.6326861299196695,0.10500000000000001,0.182599134631134,-0.3076145804956974
20200312,S003,0.2618661498875783,0.6126861299196695,0.11,0.4201670368266409,-0.14550003380861354
20200312,S004,0.02628119497876999,0.5926861299196695,0.115,0.6316109877182386,0.020646833430616282
20200312,S005,-0.26878353758638035,0.5726861299196696,0.12000000000000001,0.803784426551621,0.1862215038902314
20200312,S006,-0.5897446589037454,0.5526861299196696,0.125,0.9259824428086272,0.3466353178350258
20200312,S007,-0.9001679474365121,0.5326861299196696,0.13,0.9906073556948704,0.49744264111711656
20200312,S008,-1.1647792506392463,0.5126861299196696,0.135,0.9936411011327626,0.6344640694218329
20200313,S001,0.3001253124064577,0.5381725182648383,0.2,0.182599134631134,-0.6020119026848236
20200313,S002,0.2550822587211954,0.5181725182648382,0.20500000000000002,0.4201670368266409,-0.46120403916318925
20200313,S003,0.10601257318340572,0.49817251826483827,0.21000000000000002,0.6316109877182386,-0.3076145804956974
20200313,S004,-0.12957238172540256,0.47817251826483825,0.21500000000000002,0.803784426551621,-0.14550003380861354
20200313,S005,-0.4246371142905529,0.45817251826483824,0.22,0.9259824428086272,0.020646833430616282
20200313,S006,-0.7455982356079179,0.4381725182648383,0.225,0.9906073556948704,0.1862215038902314
20200313,S007,-1.0560215241406847,0.41817251826483826,0.23,0.9936411011327626,0.3466353178350258
20200313,S008,-1.3206328273434187,0.39817251826483824,0.23500000000000001,0.934895055524683,0.49744264111711656
20200316,S001,0.17217353091434628,0.4126944600532999,0.3,0.4201670368266409,-0.7261358871427251
20200316,S002,0.127130477229084,0.3926944600532999,0.305,0.6316109877182386,-0.6020119026848236
20200316,S003,-0.021939208308705677,0.3726944600532999,0.31,0.803784426551621,-0.46120403916318925
20200316,S004,-0.2575241632175139,0.3526944600532999,0.315,0.9259824428086272,-0.3076145804956974
20200316,S005,-0.5525888957826642,0.3326944600532999,0.32,0.9906073556948704,-0.14550003380861354
20200316,S006,-0.8735500171000293,0.3126944600532999,0.325,0.9936411011327626,0.020646833430616282
20200316,S007,-1.1839733056327961,0.2926944600532999,0.32999999999999996,0.934895055524683,0.1862215038902314
20200316,S008,-1.44858460883553,0.2726944600532999,0.33499999999999996,0.8180217634546941,0.3466353178350258
20200317,S001,0.07722457838719343,0.27880837988238677,0.4,0.6316109877182386,-0.8301360779166542
20200317,S002,0.032181524701931134,0.25880837988238675,0.405,0.803784426551621,-0.7261358871427251
20200317,S003,-0.11688816083585853,0.23880837988238676,0.41000000000000003,0.9259824428086272,-0.6020119026848236
20200317,S004,-0.3524731157446668,0.21880837988238677,0.41500000000000004,0.9906073556948704,-0.46120403916318925
20200317,S005,-0.6475378483098171,0.19880837988238675,0.42000000000000004,0.9936411011327626,-0.3076145804956974
20200317,S006,-0.9684989696271822,0.17880837988238676,0.42500000000000004,0.934895055524683,-0.14550003380861354
20200317,S007,-1.2789222581599489,0.15880837988238677,0.43000000000000005,0.8180217634546941,0.020646833430616282
20200317,S008,-1.5435335613626828,0.13880837988238676,0.43500000000000005,0.6502878401571168,0.1862215038902314
20200318,S001,0.019063769933508445,0.13924200300914666,0.5,0.803784426551621,-0.9111302618846769
20200318,S002,-0.025979283751753852,0.11924200300914665,0.505,0.9259824428086272,-0.8301360779166542
20200318,S003,-0.17504896928954353,0.09924200300914665,0.51,0.9906073556948704,-0.7261358871427251
20200318,S004,-0.41063392419835176,0.07924200300914666,0.515,0.9936411011327626,-0.6020119026848236
20200318,S005,-0.7056986567635021,0.05924200300914666,0.52,0.934895055524683,-0.46120403916318925
20200318,S006,-1.026659778080867,0.03924200300914665,0.525,0.8180217634546941,-0.3076145804956974
20200318,S007,-1.337083066613634,0.019242003009146663,0.53,0.6502878401571168,-0.14550003380861354
20200318,S008,-1.601694369816368,-0.0007579969908533546,0.535,0.4421221685765394,0.020646833430616282
20200319,S001,9.793449296524592e-06,-0.003161217903184231,-0.5,0.9259824428086272,-0.9668738037428051
20200319,S002,-0.04503326023596577,-0.02316121790318423,-0.495,0.9906073556948704,-0.9111302618846769
20200319,S003,-0.19410294577375545,-0.04316121790318423,-0.49,0.9936411011327626,-0.8301360779166542
20200319,S004,-0.4296879006825637,-0.06316121790318423,-0.485,0.934895055524683,-0.7261358871427251
20200319,S005,-0.724752633247714,-0.08316121790318423,-0.48,0.8180217634546941,-0.6020119026848236
20200319,S006,-1.0457137545650792,-0.10316121790318424,-0.475,0.6502878401571168,-0.46120403916318925
20200319,S007,-1.3561370430978459,-0.12316121790318423,-0.47,0.4421221685765394,-0.3076145804956974
20200319,S008,-1.6207483463005798,-0.14316121790318426,-0.46499999999999997,0.2064674819377966,-0.14550003380861354
20200320,S001,0.0208222708486826,-0.14550003380861354,-0.4,0.9906073556948704,-0.9958218527882577
20200320,S002,-0.024220782836579698,-0.16550003380861353,-0.395,0.9936411011327626,-0.9668738037428051
20200320,S003,-0.17329046837436937,-0.18550003380861355,-0.39,0.934895055524683,-0.9111302618846769
20200320,S004,-0.4088754232831776,-0.20550003380861354,-0.385,0.8180217634546941,-0.8301360779166542
20200320,S005,-0.7039401558483279,-0.22550003380861355,-0.38,0.6502878401571168,-0.7261358871427251
20200320,S006,-1.0249012771656931,-0.24550003380861354,-0.375,0.4421221685765394,-0.6020119026848236
20200320,S007,-1.3353245656984598,-0.26550003380861353,-0.37,0.2064674819377966,-0.46120403916318925
20200320,S008,-1.5999358689011938,-0.28550003380861355,-0.365,-0.04202435271884079,-0.3076145804956974
20200323,S001,0.08067147433532429,-0.28487450781520784,-0.3,0.9936411011327626,-0.9971721561963784
20200323,S002,0.03562842065006199,-0.30487450781520786,-0.295,0.934895055524683,-0.9958218527882577
20200323,S003,-0.11344126488772767,-0.3248745078152078,-0.29,0.8180217634546941,-0.9668738037428051
20200323,S004,-0.3490262197965359,-0.34487450781520784,-0.285,0.6502878401571168,-0.9111302618846769
20200323,S005,-0.6440909523616862,-0.36487450781520786,-0.27999999999999997,0.4421221685765394,-0.8301360779166542
20200323,S006,-0.9650520736790513,-0.3848745078152078,-0.27499999999999997,0.2064674819377966,-0.7261358871427251
20200323,S007,-1.275475362211818,-0.40487450781520784,-0.27,-0.04202435271884079,-0.6020119026848236
20200323,S008,-1.5400866654145522,-0.42487450781520786,-0.265,-0.2879033166650653,-0.46120403916318925
20200324,S001,0.17717140503129114,-0.41844509698877935,-0.2,0.934895055524683,-0.9708872922838755
20200324,S002,0.13212835134602885,-0.43844509698877937,-0.195,0.8180217634546941,-0.9971721561963784
20200324,S003,-0.01694133419176082,-0.45844509698877933,-0.19,0.6502878401571168,-0.9958218527882577
20200324,S004,-0.25252628910056907,-0.47844509698877935,-0.185,0.4421221685765394,-0.9668738037428051
20200324,S005,-0.5475910216657194,-0.49844509698877937,-0.18000000000000002,0.2064674819377966,-0.9111302618846769
20200324,S006,-0.8685521429830845,-0.5184450969887794,-0.17500000000000002,-0.04202435271884079,-0.8301360779166542
20200324,S007,-1.1789754315158512,-0.5384450969887793,-0.17,-0.2879033166650653,-0.7261358871427251
20200324,S008,-1.4435867347185851,-0.5584450969887793,-0.165,-0.5158818468181093,-0.6020119026848236
20200325,S001,0.3064749152228776,-0.5434905037215181,-0.1,0.8180217634546941,-0.9176957075960194
20200325,S002,0.26143186153761533,-0.5634905037215181,-0.095,0.6502878401571168,-0.9708872922838755
20200325,S003,0.11236217599982566,-0.5834905037215181,-0.09000000000000001,0.4421221685765394,-0.9971721561963784
20200325,S004,-0.12322277890898262,-0.6034905037215181,-0.085,0.2064674819377966,-0.9958218527882577
20200325,S005,-0.41828751147413296,-0.623490503721518,-0.08,-0.04202435271884079,-0.9668738037428051
20200325,S006,-0.739248632791498,-0.6434905037215181,-0.07500000000000001,-0.2879033166650653,-0.9111302618846769
20200325,S007,-1.0496719213242647,-0.6634905037215181,-0.07,-0.5158818468181093,-0.8301360779166542
20200325,S008,-1.3142832245269986,-0.6834905037215181,-0.065,-0.711785342369123,-0.7261358871427251
20200326,S001,0.46342708199956506,-0.6574631180319587,0.0,0.6502878401571168,-0.8390715290764524
20200326,S002,0.41838402831430277,-0.6774631180319587,0.005,0.4421221685765394,-0.9176957075960194
20200326,S003,0.2693143427765131,-0.6974631180319587,0.01,0.2064674819377966,-0.9708872922838755
20200326,S004,0.033729387867704824,-0.7174631180319586,0.015,-0.04202435271884079,-0.9971721561963784
20200326,S005,-0.2613353446974455,-0.7374631180319586,0.02,-0.2879033166650653,-0.9958218527882577
20200326,S006,-0.5822964660148106,-0.7574631180319586,0.025,-0.5158818468181093,-0.9668738037428051
20200326,S007,-0.8927197545475773,-0.7774631180319587,0.03,-0.711785342369123,-0.9111302618846769
20200326,S008,-1.1573310577503113,-0.7974631180319587,0.035,-0.8634334728079056,-0.8301360779166542
20200327,S001,0.6417707177631713,-0.7580409212437035,0.1,0.4421221685765394,-0.7371937107957761
20200327,S002,0.596727664077909,-0.7780409212437035,0.10500000000000001,0.2064674819377966,-0.8390715290764524
20200327,S003,0.44765797854011935,-0.7980409212437035,0.11,-0.04202435271884079,-0.9176957075960194
20200327,S004,0.21207302363131106,-0.8180409212437034,0.115,-0.2879033166650653,-0.9708872922838755
20200327,S005,-0.08299170893383928,-0.8380409212437034,0.12000000000000001,-0.5158818468181093,-0.9971721561963784
20200327,S006,-0.4039528302512044,-0.8580409212437035,0.125,-0.711785342369123,-0.9958218527882577
20200327,S007,-0.714376118783971,-0.8780409212437035,0.13,-0.8634334728079056,-0.9668738037428051
20200327,S008,-0.978987421986705,-0.8980409212437035,0.135,-0.9613974918795568,-0.9111302618846769
20200330,S001,0.8343958245516906,-0.8431747935844143,0.2,0.2064674819377966,-0.6148856474275683
20200330,S002,0.7893527708664283,-0.8631747935844143,0.20500000000000002,-0.04202435271884079,-0.7371937107957761
20200330,S003,0.6402830853286386,-0.8831747935844143,0.21000000000000002,-0.2879033166650653,-0.8390715290764524
20200330,S004,0.4046981304198304,-0.9031747935844143,0.21500000000000002,-0.5158818468181093,-0.9176957075960194
20200330,S005,0.10963339785468001,-0.9231747935844142,0.22,-0.711785342369123,-0.9708872922838755
20200330,S006,-0.21132772346268508,-0.9431747935844143,0.225,-0.8634334728079056,-0.9971721561963784
20200330,S007,-0.5217510119954518,-0.9631747935844143,0.23,-0.9613974918795568,-0.9958218527882577
20200330,S008,-0.7863623151981858,-0.9831747935844143,0.23500000000000001,-0.9995864713592172,-0.9668738037428051
20200331,S001,1.0336230472211367,-0.9111302618846769,0.3,-0.04202435271884079,-0.4755369279959925
20200331,S002,0.9885799935358744,-0.931130261884677,0.305,-0.2879033166650653,-0.6148856474275683
20200331,S003,0.8395103079980848,-0.951130261884677,0.31,-0.5158818468181093,-0.7371937107957761
20200331,S004,0.6039253530892765,-0.9711302618846769,0.315,-0.711785342369123,-0.8390715290764524
20200331,S005,0.3088606205241261,-0.9911302618846769,0.32,-0.8634334728079056,-0.9176957075960194
20200331,S006,-0.01210050079323896,-1.011130261884677,0.325,-0.9613974918795568,-0.9708872922838755
20200331,S007,-0.3225237893260057,-1.031130261884677,0.32999999999999996,-0.9995864713592172,-0.9971721561963784
20200331,S008,-0.5871350925287397,-1.051130261884677,0.33499999999999996,-0.9756260054681576,-0.9958218527882577
